종목코드,종목명,시장구분,업종명,종가,대비,등락률,시가총액
"095570","AJ네트웍스","KOSPI","서비스업","4805","-15","-0.31","217439506995"
"006840","AK홀딩스","KOSPI","기타금융","12480","90","0.73","165329561280"
"027410","BGF","KOSPI","기타금융","3610","40","1.12","345537615510"
"282330","BGF리테일","KOSPI","유통업","116600","2600","2.28","2015303439600"
"138930","BNK금융지주","KOSPI","기타금융","9400","-270","-2.79","3012105233800"
"001460","BYC","KOSPI","섬유의복","32050","-350","-1.08","200189107500"
"001465","BYC우","KOSPI","섬유의복","13200","280","2.17","28430820000"
"001040","CJ","KOSPI","기타금융","107900","6400","6.31","3148198084200"
"079160","CJ CGV","KOSPI","서비스업","5630","30","0.54","932215799730"
"00104K","CJ4우(전환)","KOSPI","기타금융","83600","3300","4.11","353336403200"
"000120","CJ대한통운","KOSPI","운수창고업","89000","600","0.68","2030298616000"
"011150","CJ씨푸드","KOSPI","음식료품","3185","15","0.47","114439512005"
"011155","CJ씨푸드1우","KOSPI","음식료품","17850","-30","-0.17","3570000000"
"001045","CJ우","KOSPI","기타금융","57300","700","1.24","129510777900"
"097950","CJ제일제당","KOSPI","음식료품","278500","5000","1.83","4192590801000"
"097955","CJ제일제당 우","KOSPI","음식료품","133300","900","0.68","176946818900"
"000480","CR홀딩스","KOSPI","비금속광물","5720","20","0.35","268213602800"
"000590","CS홀딩스","KOSPI","기타금융","69700","0","0.00","80467395400"
"012030","DB","KOSPI","서비스업","1542","-20","-1.28","310210204686"
"016610","DB금융투자","KOSPI","증권","5350","-70","-1.29","227088181150"
"005830","DB손해보험","KOSPI","보험","112500","2500","2.27","7965000000000"
"000990","DB하이텍","KOSPI","전기전자","37350","100","0.27","1658287261800"
"139130","DGB금융지주","KOSPI","기타금융","8180","-40","-0.49","1383612913940"
"001530","DI동일","KOSPI","유통업","38950","0","0.00","982150424400"
"000210","DL","KOSPI","화학","38650","-1500","-3.74","809944916600"
"000215","DL우","KOSPI","화학","23100","-550","-2.33","38949256500"
"375500","DL이앤씨","KOSPI","건설업","31000","-200","-0.64","1199502313000"
"37550L","DL이앤씨2우(전환)","KOSPI","건설업","21050","50","0.24","44456568550"
"37550K","DL이앤씨우","KOSPI","건설업","15640","-170","-1.08","33061161400"
"007340","DN오토모티브","KOSPI","전기전자","19200","310","1.64","1134064608000"
"004840","DRB동일","KOSPI","화학","5220","390","8.07","104034600000"
"155660","DSR","KOSPI","철강금속","3835","-5","-0.13","61360000000"
"069730","DSR제강","KOSPI","철강금속","3560","10","0.28","51264000000"
"017860","DS단석","KOSPI","화학","100000","3500","3.63","586140400000"
"017940","E1","KOSPI","유통업","73500","-1200","-1.61","504210000000"
"365550","ESR켄달스퀘어리츠","KOSPI","서비스업","4860","-110","-2.21","1035612540000"
"383220","F&F","KOSPI","섬유의복","63900","2400","3.90","2447822092500"
"007700","F&F홀딩스","KOSPI","기타금융","13560","60","0.44","530390816520"
"114090","GKL","KOSPI","서비스업","11540","140","1.23","713814431800"
"078930","GS","KOSPI","기타금융","41600","50","0.12","3865279724800"
"006360","GS건설","KOSPI","건설업","17700","-120","-0.67","1514792373000"
"001250","GS글로벌","KOSPI","유통업","3220","135","4.38","265758720080"
"007070","GS리테일","KOSPI","유통업","21700","300","1.40","2272378907400"
"078935","GS우","KOSPI","기타금융","38800","150","0.39","69251248800"
"012630","HDC","KOSPI","기타금융","11900","600","5.31","710926479900"
"039570","HDC랩스","KOSPI","건설업","8070","-20","-0.25","209477840070"
"089470","HDC현대EP","KOSPI","화학","3945","25","0.64","125845500000"
"294870","HDC현대산업개발","KOSPI","건설업","20050","270","1.37","1321441966500"
"009540","HD한국조선해양","KOSPI","기타금융","180700","700","0.39","12788702061200"
"267250","HD현대","KOSPI","기타금융","72200","-3800","-5.00","5703300737000"
"267270","HD현대건설기계","KOSPI","기계","50000","-1100","-2.15","915279300000"
"443060","HD현대마린솔루션","KOSPI","서비스업","135600","1700","1.27","6027420000000"
"071970","HD현대마린엔진","KOSPI","기계","18550","-20","-0.11","629243732250"
"010620","HD현대미포","KOSPI","운수장비","103900","-600","-0.57","4149989281100"
"322000","HD현대에너지솔루션","KOSPI","전기전자","24050","1150","5.02","269360000000"
"042670","HD현대인프라코어","KOSPI","기계","6700","20","0.30","1290794308900"
"267260","HD현대일렉트릭","KOSPI","전기전자","335500","13000","4.03","12093813792500"
"329180","HD현대중공업","KOSPI","운수장비","175000","800","0.46","15535295300000"
"097230","HJ중공업","KOSPI","건설업","2250","45","2.04","187367132250"
"014790","HL D&I","KOSPI","건설업","2335","-35","-1.48","88399833335"
"003580","HLB글로벌","KOSPI","유통업","4055","90","2.27","192570291505"
"204320","HL만도","KOSPI","운수장비","36150","-750","-2.03","1697499888000"
"060980","HL홀딩스","KOSPI","기타금융","35100","-50","-0.14","356946291000"
"011200","HMM","KOSPI","운수창고업","17860","790","4.63","13377845398560"
"035000","HS애드","KOSPI","서비스업","6480","60","0.93","107356810320"
"002460","HS화성","KOSPI","건설업","9520","680","7.69","96628000000"
"487570","HS효성","KOSPI","기타금융","39950","200","0.50","148850783650"
"298050","HS효성첨단소재","KOSPI","화학","236500","-5000","-2.07","1059507702000"
"003560","IHQ","KOSPI","서비스업","10760","0","0.00","64669472240"
"175330","JB금융지주","KOSPI","기타금융","17760","-160","-0.89","3464677596480"
"234080","JW생명과학","KOSPI","의약품","10940","30","0.27","173230020760"
"001060","JW중외제약","KOSPI","의약품","27200","200","0.74","633377296000"
"001067","JW중외제약2우B","KOSPI","의약품","58800","-200","-0.34","12346412400"
"001065","JW중외제약우","KOSPI","의약품","31000","-200","-0.64","10600481000"
"096760","JW홀딩스","KOSPI","기타금융","2990","40","1.36","221035576580"
"105560","KB금융","KOSPI","기타금융","90700","-1100","-1.20","35693027966100"
"432320","KB스타리츠","KOSPI","서비스업","4085","-60","-1.45","414277354225"
"002380","KCC","KOSPI","화학","256500","-3500","-1.35","2279379811500"
"344820","KCC글라스","KOSPI","비금속광물","38800","-200","-0.51","619655865600"
"009070","KCTC","KOSPI","운수창고업","4510","95","2.15","135300000000"
"009440","KC그린홀딩스","KOSPI","기타금융","871","16","1.87","19540867580"
"119650","KC코트렐","KOSPI","기계","432","0","0.00","27740590128"
"092220","KEC","KOSPI","전기전자","895","13","1.47","179683011195"
"003620","KG모빌리티","KOSPI","운수장비","4560","125","2.82","895603398240"
"016380","KG스틸","KOSPI","철강금속","6790","30","0.44","679060410630"
"001390","KG케미칼","KOSPI","화학","3950","50","1.28","270452708000"
"033180","KH 필룩스","KOSPI","전기전자","6630","0","0.00","125330728770"
"015590","KIB플러그에너지","KOSPI","기계","399","-8","-1.97","94555636056"
"001940","KISCO홀딩스","KOSPI","철강금속","22100","-150","-0.67","357497998000"
"025000","KPX케미칼","KOSPI","화학","47100","400","0.86","227964000000"
"092230","KPX홀딩스","KOSPI","화학","56300","400","0.72","237847569800"
"000040","KR모터스","KOSPI","운수장비","523","0","0.00","31449489964"
"044450","KSS해운","KOSPI","운수창고업","9350","-150","-1.58","215852978000"
"030200","KT","KOSPI","통신업","44100","-200","-0.45","11114156308500"
"033780","KT&G","KOSPI","기타제조업","110800","800","0.73","14039744667600"
"058850","KTcs","KOSPI","서비스업","2895","100","3.58","123573075000"
"058860","KTis","KOSPI","서비스업","2605","40","1.56","90659210000"
"093050","LF","KOSPI","섬유의복","14890","10","0.07","435383600000"
"003550","LG","KOSPI","기타금융","76800","100","0.13","12080716262400"
"034220","LG디스플레이","KOSPI","전기전자","10450","100","0.97","5225000000000"
"051900","LG생활건강","KOSPI","화학","338000","6000","1.81","5278950586000"
"051905","LG생활건강우","KOSPI","화학","145500","100","0.07","305505913500"
"373220","LG에너지솔루션","KOSPI","전기전자","426000","13500","3.27","99684000000000"
"003555","LG우","KOSPI","기타금융","59300","0","0.00","179182066000"
"032640","LG유플러스","KOSPI","통신업","10060","20","0.20","4392310291660"
"011070","LG이노텍","KOSPI","전기전자","175200","1200","0.69","4146477146400"
"066570","LG전자","KOSPI","전기전자","92300","1500","1.65","15104693232200"
"066575","LG전자우","KOSPI","전기전자","46800","1150","2.52","804304425600"
"037560","LG헬로비전","KOSPI","서비스업","2660","20","0.76","206008660900"
"051910","LG화학","KOSPI","화학","323500","5500","1.73","22836622960500"
"051915","LG화학우","KOSPI","화학","220500","5500","2.56","1695380400000"
"079550","LIG넥스원","KOSPI","기계","244500","1500","0.62","5379000000000"
"006260","LS","KOSPI","기타금융","108600","6200","6.05","3496920000000"
"010120","LS ELECTRIC","KOSPI","전기전자","149400","6700","4.70","4482000000000"
"000680","LS네트웍스","KOSPI","유통업","3240","80","2.53","255321771840"
"229640","LS에코에너지","KOSPI","기타금융","27600","1200","4.55","845246660400"
"108320","LX세미콘","KOSPI","전기전자","62300","800","1.30","1013265890000"
"001120","LX인터내셔널","KOSPI","유통업","29700","-250","-0.83","1151172000000"
"108670","LX하우시스","KOSPI","화학","39700","250","0.63","356016499000"
"108675","LX하우시스우","KOSPI","화학","22600","-200","-0.88","23330658000"
"383800","LX홀딩스","KOSPI","기타금융","7190","0","0.00","548458161100"
"38380K","LX홀딩스1우","KOSPI","기타금융","8660","60","0.70","12689368100"
"023150","MH에탄올","KOSPI","음식료품","5600","40","0.72","41319745600"
"035420","NAVER","KOSPI","서비스업","175700","6000","3.54","28249838055600"
"181710","NHN","KOSPI","서비스업","16480","30","0.18","556465707040"
"400760","NH올원리츠","KOSPI","서비스업","3420","-30","-0.87","146468870100"
"005940","NH투자증권","KOSPI","증권","13580","110","0.82","4447345420420"
"005945","NH투자증권우","KOSPI","증권","12000","-10","-0.08","226451616000"
"338100","NH프라임리츠","KOSPI","서비스업","4620","-30","-0.65","86209200000"
"034310","NICE","KOSPI","서비스업","11220","10","0.09","420789011940"
"030190","NICE평가정보","KOSPI","서비스업","11500","60","0.52","691238205000"
"008260","NI스틸","KOSPI","철강금속","3915","-85","-2.13","111969458055"
"004250","NPC","KOSPI","화학","5100","60","1.19","187272000000"
"004255","NPC우","KOSPI","화학","2720","25","0.93","14361600000"
"456040","OCI","KOSPI","화학","72300","500","0.70","647265388500"
"010060","OCI홀딩스","KOSPI","기타금융","68800","-200","-0.29","1315961886400"
"178920","PI첨단소재","KOSPI","화학","19420","-290","-1.47","570293973240"
"005490","POSCO홀딩스","KOSPI","철강금속","345000","8000","2.37","28505410065000"
"010950","S-Oil","KOSPI","화학","58800","700","1.20","6619868169600"
"010955","S-Oil우","KOSPI","화학","41500","50","0.12","166909970500"
"034120","SBS","KOSPI","서비스업","15210","-20","-0.13","282164329980"
"005090","SGC에너지","KOSPI","전기가스업","26400","-100","-0.38","380406391200"
"001380","SG글로벌","KOSPI","운수장비","2810","-25","-0.88","126349241830"
"004060","SG세계물산","KOSPI","유통업","370","4","1.09","74897235200"
"001770","SHD","KOSPI","철강금속","17040","-860","-4.80","20701521120"
"002360","SH에너지화학","KOSPI","화학","509","2","0.39","56567068570"
"009160","SIMPAC","KOSPI","철강금속","4170","140","3.47","272841081720"
"033530","SJG세종","KOSPI","운수장비","4450","10","0.23","123803276450"
"123700","SJM","KOSPI","운수장비","3285","15","0.46","51262089930"
"025530","SJM홀딩스","KOSPI","유통업","3575","20","0.56","53389078600"
"034730","SK","KOSPI","기타금융","150100","1100","0.74","10882655720300"
"011790","SKC","KOSPI","화학","143900","1800","1.27","5449248082200"
"018670","SK가스","KOSPI","유통업","193300","-5900","-2.96","1784206165200"
"001740","SK네트웍스","KOSPI","유통업","5180","-100","-1.89","1146219532360"
"006120","SK디스커버리","KOSPI","기타금융","34150","-100","-0.29","641536948250"
"006125","SK디스커버리우","KOSPI","기타금융","31000","50","0.16","42112105000"
"210980","SK디앤디","KOSPI","서비스업","7990","50","0.63","148752882180"
"395400","SK리츠","KOSPI","서비스업","4615","-10","-0.22","1258920588900"
"302440","SK바이오사이언스","KOSPI","의약품","53800","1000","1.89","4215084363400"
"326030","SK바이오팜","KOSPI","서비스업","122500","8100","7.08","9593373125000"
"402340","SK스퀘어","KOSPI","기타금융","89800","5900","7.03","12100546408000"
"361610","SK아이이테크놀로지","KOSPI","전기전자","34400","400","1.18","2452637164800"
"100090","SK오션플랜트","KOSPI","철강금속","13520","440","3.36","800324079360"
"03473K","SK우","KOSPI","기타금융","123600","1200","0.98","69974286000"
"096770","SK이노베이션","KOSPI","화학","121100","-700","-0.57","11593579949000"
"096775","SK이노베이션우","KOSPI","화학","80600","-500","-0.62","100623135600"
"475150","SK이터닉스","KOSPI","건설업","15840","290","1.86","533679616800"
"001510","SK증권","KOSPI","증권","507","0","0.00","239603216697"
"001515","SK증권우","KOSPI","증권","1811","-17","-0.93","7085562854"
"285130","SK케미칼","KOSPI","화학","48450","-350","-0.72","835945786350"
"28513K","SK케미칼우","KOSPI","화학","22350","-100","-0.45","47279838150"
"017670","SK텔레콤","KOSPI","통신업","56900","-100","-0.18","12221554015700"
"000660","SK하이닉스","KOSPI","전기전자","194000","11800","6.48","141232458810000"
"003570","SNT다이내믹스","KOSPI","운수장비","24100","-450","-1.83","801389997700"
"064960","SNT모티브","KOSPI","운수장비","43300","-1750","-3.88","633181788800"
"100840","SNT에너지","KOSPI","기계","12920","160","1.25","267195716360"
"036530","SNT홀딩스","KOSPI","기타금융","22650","-50","-0.22","369283017900"
"005610","SPC삼립","KOSPI","음식료품","49100","50","0.10","423684341900"
"011810","STX","KOSPI","유통업","4955","115","2.38","153693828285"
"465770","STX그린로지스","KOSPI","운수창고업","10240","220","2.20","73431367680"
"077970","STX엔진","KOSPI","기계","18500","-320","-1.70","425664724000"
"002820","SUN&L","KOSPI","종이목재","3060","0","0.00","38580446340"
"084870","TBH글로벌","KOSPI","섬유의복","1397","32","2.34","29136976143"
"002710","TCC스틸","KOSPI","철강금속","44000","1600","3.77","1153402668000"
"069260","TKG휴켐스","KOSPI","화학","19400","-230","-1.17","793044607200"
"007980","TP","KOSPI","섬유의복","1378","1","0.07","70519329140"
"002900","TYM","KOSPI","기계","3120","-5","-0.16","140558982720"
"024070","WISCOM","KOSPI","화학","2140","30","1.42","32798577320"
"037270","YG PLUS","KOSPI","서비스업","4995","-495","-9.02","316829902950"
"000500","가온전선","KOSPI","전기전자","39150","2150","5.81","288063585900"
"000860","강남제비스코","KOSPI","화학","25950","650","2.57","168675000000"
"035250","강원랜드","KOSPI","서비스업","17640","0","0.00","3773910420000"
"011420","갤럭시아에스엠","KOSPI","서비스업","2065","20","0.98","56890014860"
"002100","경농","KOSPI","화학","9210","-10","-0.11","179802915750"
"009450","경동나비엔","KOSPI","전기전자","86800","300","0.35","1264553785600"
"267290","경동도시가스","KOSPI","전기가스업","18760","-30","-0.16","110597816560"
"012320","경동인베스트","KOSPI","기타금융","74100","-200","-0.27","175248204300"
"000050","경방","KOSPI","유통업","6290","30","0.48","172442048300"
"214390","경보제약","KOSPI","의약품","7440","0","0.00","177867038400"
"012610","경인양행","KOSPI","화학","2990","5","0.17","124432931350"
"009140","경인전자","KOSPI","전기전자","20450","-100","-0.49","32122798650"
"013580","계룡건설","KOSPI","건설업","13240","-30","-0.23","118245208680"
"012200","계양전기","KOSPI","기계","1488","24","1.64","40507569552"
"012205","계양전기우","KOSPI","기계","3635","-60","-1.62","4249602165"
"002140","고려산업","KOSPI","음식료품","2900","-85","-2.85","72324332500"
"010130","고려아연","KOSPI","철강금속","1085000","81000","8.07","22463062055000"
"002240","고려제강","KOSPI","철강금속","19500","280","1.46","487500000000"
"009290","광동제약","KOSPI","의약품","5530","40","0.73","289887306030"
"017040","광명전기","KOSPI","전기전자","1403","29","2.11","60802673845"
"017900","광전자","KOSPI","전기전자","1859","30","1.64","107717455417"
"037710","광주신세계","KOSPI","유통업","29700","0","0.00","236328543000"
"030610","교보증권","KOSPI","증권","5420","70","1.31","617679248620"
"339770","교촌에프앤비","KOSPI","유통업","9790","-420","-4.11","244579066600"
"007690","국도화학","KOSPI","화학","32700","150","0.46","294647143200"
"005320","국동","KOSPI","유통업","431","0","0.00","29018323607"
"001140","국보","KOSPI","운수창고업","2110","0","0.00","33456978680"
"002720","국제약품","KOSPI","의약품","5540","0","0.00","117225469280"
"083420","그린케미칼","KOSPI","화학","5790","60","1.05","138960000000"
"014530","극동유화","KOSPI","화학","3725","25","0.68","129888589500"
"014280","금강공업","KOSPI","철강금속","4100","0","0.00","120250363700"
"014285","금강공업우","KOSPI","철강금속","6760","-130","-1.89","3987555000"
"008870","금비","KOSPI","비금속광물","55600","300","0.54","55600000000"
"001570","금양","KOSPI","화학","43950","150","0.34","2551299126150"
"002990","금호건설","KOSPI","건설업","2825","-5","-0.18","104393905875"
"002995","금호건설우","KOSPI","건설업","8870","-60","-0.67","2592399420"
"011780","금호석유","KOSPI","화학","136200","-1000","-0.73","3722970749400"
"011785","금호석유우","KOSPI","화학","64400","600","0.94","194712498400"
"214330","금호에이치티","KOSPI","운수장비","622","-6","-0.96","133054589482"
"001210","금호전기","KOSPI","전기전자","749","8","1.08","32608255778"
"073240","금호타이어","KOSPI","화학","4440","-65","-1.44","1275435674280"
"092440","기신정기","KOSPI","기계","2570","0","0.00","75044000000"
"000270","기아","KOSPI","운수장비","97400","3100","3.29","38946209815800"
"024110","기업은행","KOSPI","은행","14360","0","0.00","11451035478840"
"013700","까뮤이앤씨","KOSPI","건설업","1310","3","0.23","78273587300"
"004540","깨끗한나라","KOSPI","종이목재","2080","10","0.48","77460641440"
"004545","깨끗한나라우","KOSPI","종이목재","12060","10","0.08","4415889600"
"001260","남광토건","KOSPI","건설업","6250","-50","-0.79","61453575000"
"008350","남선알미늄","KOSPI","철강금속","1386","29","2.14","178903618740"
"008355","남선알미우","KOSPI","철강금속","16930","-50","-0.29","5212577700"
"004270","남성","KOSPI","유통업","1304","16","1.24","47220656640"
"003920","남양유업","KOSPI","음식료품","695000","11000","1.61","472413045000"
"003925","남양유업우","KOSPI","음식료품","398500","0","0.00","79700000000"
"025860","남해화학","KOSPI","화학","6490","60","0.93","322415691070"
"005720","넥센","KOSPI","화학","4565","15","0.33","244428255005"
"005725","넥센우","KOSPI","화학","3070","-40","-1.29","11053842000"
"002350","넥센타이어","KOSPI","화학","6630","-40","-0.60","647538024510"
"002355","넥센타이어1우B","KOSPI","화학","3105","25","0.81","20182500000"
"092790","넥스틸","KOSPI","철강금속","9280","530","6.06","241298560000"
"251270","넷마블","KOSPI","서비스업","56200","700","1.26","4830586812400"
"090350","노루페인트","KOSPI","화학","8420","120","1.45","168400000000"
"090355","노루페인트우","KOSPI","화학","12950","10","0.08","5997481700"
"000320","노루홀딩스","KOSPI","기타금융","12940","40","0.31","171987493940"
"000325","노루홀딩스우","KOSPI","기타금융","28850","600","2.12","7026677150"
"006280","녹십자","KOSPI","의약품","162500","10300","6.77","1899062425000"
"005250","녹십자홀딩스","KOSPI","서비스업","16650","430","2.65","783019696500"
"005257","녹십자홀딩스2우","KOSPI","서비스업","25300","1300","5.42","21403547000"
"004370","농심","KOSPI","음식료품","384500","16500","4.48","2338775849000"
"072710","농심홀딩스","KOSPI","기타금융","68100","1000","1.49","315833499000"
"058730","다스코","KOSPI","기계","3195","-10","-0.31","60056226495"
"030210","다올투자증권","KOSPI","증권","2795","15","0.54","170246541270"
"023590","다우기술","KOSPI","서비스업","18480","-10","-0.05","829135082160"
"145210","다이나믹디자인","KOSPI","기계","2710","40","1.50","93716371770"
"019680","대교","KOSPI","서비스업","2390","150","6.70","202439811500"
"019685","대교우B","KOSPI","서비스업","1310","20","1.55","25449356900"
"006370","대구백화점","KOSPI","유통업","7170","320","4.67","77590950870"
"008060","대덕","KOSPI","기타금융","6190","-10","-0.16","209780028500"
"00806K","대덕1우","KOSPI","기타금융","6620","70","1.07","8025803340"
"353200","대덕전자","KOSPI","전기전자","16600","0","0.00","820320955000"
"35320K","대덕전자1우","KOSPI","전기전자","8180","160","2.00","17141345420"
"000490","대동","KOSPI","기계","8280","80","0.98","212305724640"
"008110","대동전자","KOSPI","전기전자","15040","0","0.00","157776322880"
"005750","대림B&Co","KOSPI","비금속광물","3495","15","0.43","58269478800"
"006570","대림통상","KOSPI","기계","2890","160","5.86","44000250000"
"001680","대상","KOSPI","음식료품","20700","400","1.97","717214117500"
"001685","대상우","KOSPI","음식료품","17150","320","1.90","23499324450"
"084690","대상홀딩스","KOSPI","기타금융","8780","100","1.15","317946083640"
"084695","대상홀딩스우","KOSPI","기타금융","20700","250","1.22","18909077400"
"128820","대성산업","KOSPI","유통업","3410","10","0.29","154252979980"
"117580","대성에너지","KOSPI","전기가스업","9360","160","1.74","257400000000"
"016710","대성홀딩스","KOSPI","서비스업","7770","0","0.00","125015096430"
"003540","대신증권","KOSPI","증권","17200","-50","-0.29","873302480000"
"003547","대신증권2우B","KOSPI","증권","15000","0","0.00","150000000000"
"003545","대신증권우","KOSPI","증권","15640","-20","-0.13","406640000000"
"009190","대양금속","KOSPI","철강금속","1616","25","1.57","68453737376"
"014160","대영포장","KOSPI","종이목재","1022","-17","-1.64","110779229078"
"047040","대우건설","KOSPI","건설업","3600","60","1.69","1496241496800"
"003090","대웅","KOSPI","의약품","25700","550","2.19","1494248886000"
"069620","대웅제약","KOSPI","의약품","155300","500","0.32","1799395097500"
"000430","대원강업","KOSPI","운수장비","3925","5","0.13","243350000000"
"006340","대원전선","KOSPI","전기전자","2875","180","6.68","215565128125"
"006345","대원전선우","KOSPI","전기전자","3715","95","2.62","9737758000"
"003220","대원제약","KOSPI","의약품","14500","200","1.40","325199953500"
"024890","대원화성","KOSPI","화학","1065","0","0.00","43930346880"
"002880","대유에이텍","KOSPI","운수장비","1064","9","0.85","49735637280"
"000300","대유플러스","KOSPI","전기전자","1984","0","0.00","156936737152"
"012800","대창","KOSPI","철강금속","1255","22","1.78","114381326245"
"015230","대창단조","KOSPI","운수장비","5050","30","0.60","144289761500"
"001070","대한방직","KOSPI","섬유의복","5770","100","1.76","30581000000"
"006650","대한유화","KOSPI","화학","99300","-6400","-6.05","645450000000"
"001440","대한전선","KOSPI","전기전자","11850","430","3.77","2209400505000"
"084010","대한제강","KOSPI","철강금속","15000","1540","11.44","351215955000"
"001790","대한제당","KOSPI","음식료품","2890","25","0.87","259223116200"
"001795","대한제당우","KOSPI","음식료품","2485","15","0.61","16109658600"
"001130","대한제분","KOSPI","음식료품","132000","-1000","-0.75","223080000000"
"003490","대한항공","KOSPI","운수창고업","24350","750","3.18","8966173095350"
"003495","대한항공우","KOSPI","운수창고업","23750","150","0.64","26381357500"
"005880","대한해운","KOSPI","운수창고업","1815","21","1.17","582996059250"
"003830","대한화섬","KOSPI","화학","118000","0","0.00","156704000000"
"016090","대현","KOSPI","섬유의복","2040","0","0.00","90335912400"
"069460","대호에이엘","KOSPI","철강금속","1150","3","0.26","77676630400"
"192080","더블유게임즈","KOSPI","서비스업","52800","-400","-0.75","1134983836800"
"012510","더존비즈온","KOSPI","서비스업","58300","1300","2.28","1771316307200"
"004830","덕성","KOSPI","화학","6730","100","1.51","105526400000"
"004835","덕성우","KOSPI","화학","9980","300","3.10","13892160000"
"024900","덕양산업","KOSPI","운수장비","3325","65","1.99","108278558500"
"145720","덴티움","KOSPI","의료정밀","68400","-600","-0.87","757107972000"
"002150","도화엔지니어링","KOSPI","서비스업","6560","-30","-0.46","221203200000"
"460850","동국씨엠","KOSPI","철강금속","6530","140","2.19","195238223680"
"460860","동국제강","KOSPI","철강금속","8890","90","1.02","441015271130"
"001230","동국홀딩스","KOSPI","기타금융","7950","70","0.89","252813839850"
"023450","동남합성","KOSPI","화학","30950","350","1.14","108325000000"
"004140","동방","KOSPI","운수창고업","2375","90","3.94","113932944250"
"007590","동방아그로","KOSPI","화학","6250","10","0.16","85109856250"
"005960","동부건설","KOSPI","건설업","4005","-35","-0.87","91900111725"
"005965","동부건설우","KOSPI","건설업","21550","-250","-1.15","4864524600"
"026960","동서","KOSPI","유통업","27000","600","2.27","2691900000000"
"002210","동성제약","KOSPI","의약품","4495","5","0.11","117323860150"
"102260","동성케미컬","KOSPI","서비스업","4320","15","0.35","214659624960"
"000640","동아쏘시오홀딩스","KOSPI","기타금융","125200","5000","4.16","794883907600"
"170900","동아에스티","KOSPI","의약품","76600","1200","1.59","702218550400"
"028100","동아지질","KOSPI","건설업","13130","90","0.69","184511241980"
"001520","동양","KOSPI","비금속광물","767","-3","-0.39","183070676321"
"001527","동양2우B","KOSPI","비금속광물","9330","110","1.19","2878948770"
"084670","동양고속","KOSPI","운수창고업","8230","-30","-0.36","23830532870"
"082640","동양생명","KOSPI","보험","5920","-180","-2.95","955242823200"
"001525","동양우","KOSPI","비금속광물","4800","60","1.27","2965108800"
"008970","동양철관","KOSPI","철강금속","754","37","5.16","118417328640"
"092780","동양피스톤","KOSPI","운수장비","5470","70","1.30","72031476200"
"049770","동원F&B","KOSPI","음식료품","32100","650","2.07","619389402000"
"018500","동원금속","KOSPI","운수장비","1269","-5","-0.39","59332009977"
"006040","동원산업","KOSPI","기타금융","34900","400","1.16","1257164135500"
"030720","동원수산","KOSPI","농업, 임업 및 어업","5690","80","1.43","26480150450"
"014820","동원시스템즈","KOSPI","화학","49650","-950","-1.88","1439417151300"
"014825","동원시스템즈우","KOSPI","화학","23100","50","0.22","6100964100"
"111380","동인기연","KOSPI","기타제조업","18430","170","0.93","112939040000"
"163560","동일고무벨트","KOSPI","화학","7700","150","1.99","107030000000"
"004890","동일산업","KOSPI","철강금속","39700","-50","-0.13","96281035500"
"002690","동일제강","KOSPI","철강금속","1464","1","0.07","29719727040"
"000020","동화약품","KOSPI","의약품","7380","60","0.82","206134248600"
"000150","두산","KOSPI","기타금융","193100","1800","0.94","3190752538500"
"000157","두산2우B","KOSPI","기타금융","96700","1100","1.15","86356774600"
"454910","두산로보틱스","KOSPI","기계","68900","200","0.29","4466096622000"
"241560","두산밥캣","KOSPI","기계","38250","350","0.92","3834530599500"
"034020","두산에너빌리티","KOSPI","기계","20000","20","0.10","12811222920000"
"000155","두산우","KOSPI","기타금융","100000","2800","2.88","399646200000"
"336260","두산퓨얼셀","KOSPI","전기전자","17670","520","3.03","1157274138420"
"33626K","두산퓨얼셀1우","KOSPI","전기전자","5300","100","1.92","70830260000"
"33626L","두산퓨얼셀2우B","KOSPI","전기전자","8290","50","0.61","24756427000"
"016740","두올","KOSPI","운수장비","3585","15","0.42","114959047800"
"192650","드림텍","KOSPI","전기전자","8740","240","2.82","602098958340"
"024090","디씨엠","KOSPI","철강금속","11900","120","1.02","135660000000"
"003160","디아이","KOSPI","의료정밀","17480","430","2.52","494684000000"
"092200","디아이씨","KOSPI","운수장비","3670","95","2.66","142721048230"
"377190","디앤디플랫폼리츠","KOSPI","서비스업","2835","-20","-0.70","182574000000"
"013570","디와이","KOSPI","기타금융","4585","-5","-0.11","120675517305"
"210540","디와이파워","KOSPI","기계","12190","-10","-0.08","134598420520"
"115390","락앤락","KOSPI","화학","8650","10","0.12","374773455150"
"032350","롯데관광개발","KOSPI","서비스업","9430","-120","-1.26","718530005690"
"089860","롯데렌탈","KOSPI","서비스업","28300","-350","-1.22","1036743982900"
"330590","롯데리츠","KOSPI","서비스업","3305","-15","-0.45","803012161620"
"000400","롯데손해보험","KOSPI","보험","2330","10","0.43","723083625600"
"023530","롯데쇼핑","KOSPI","유통업","64900","-200","-0.31","1835940199500"
"020150","롯데에너지머티리얼즈","KOSPI","전기전자","36550","250","0.69","1685351019250"
"280360","롯데웰푸드","KOSPI","음식료품","120500","-5800","-4.59","1136866167000"
"286940","롯데이노베이트","KOSPI","서비스업","22550","50","0.22","341167225850"
"004000","롯데정밀화학","KOSPI","화학","41500","-1150","-2.70","1070700000000"
"004990","롯데지주","KOSPI","기타금융","23500","-200","-0.84","2465367069500"
"00499K","롯데지주우","KOSPI","기타금융","30000","50","0.17","24168090000"
"005300","롯데칠성","KOSPI","음식료품","119000","-1400","-1.16","1104187196000"
"005305","롯데칠성우","KOSPI","음식료품","65600","-100","-0.15","50860336000"
"011170","롯데케미칼","KOSPI","화학","92200","-900","-0.97","3943893631800"
"071840","롯데하이마트","KOSPI","유통업","8100","110","1.38","191222467200"
"027740","마니커","KOSPI","음식료품","925","3","0.33","58747885900"
"357430","마스턴프리미어리츠","KOSPI","서비스업","1800","-1","-0.06","47844000000"
"001080","만호제강","KOSPI","철강금속","31500","400","1.29","130725000000"
"088980","맥쿼리인프라","KOSPI","기타금융","11830","-50","-0.42","5665647177190"
"094800","맵스리얼티1","KOSPI","기타금융","4505","-25","-0.55","418218661155"
"138040","메리츠금융지주","KOSPI","기타금융","103400","600","0.58","19720459787600"
"090370","메타랩스","KOSPI","섬유의복","1590","30","1.92","39598455510"
"118000","메타케어","KOSPI","유통업","343","1","0.29","56518635852"
"017180","명문제약","KOSPI","의약품","2190","55","2.58","74358064260"
"009900","명신산업","KOSPI","운수장비","13600","210","1.57","713593808800"
"012690","모나리자","KOSPI","종이목재","3900","0","0.00","142627894500"
"005360","모나미","KOSPI","유통업","2210","15","0.68","41763048470"
"070960","모나용평","KOSPI","서비스업","3655","30","0.83","175927332115"
"009680","모토닉","KOSPI","운수장비","8660","20","0.23","285780000000"
"009580","무림P&P","KOSPI","종이목재","2750","40","1.48","171512891000"
"009200","무림페이퍼","KOSPI","종이목재","2080","20","0.97","86547364800"
"033920","무학","KOSPI","음식료품","5920","100","1.72","168720000000"
"008420","문배철강","KOSPI","철강금속","2385","80","3.47","48900859425"
"025560","미래산업","KOSPI","의료정밀","1230","-15","-1.20","38335243950"
"007120","미래아이앤지","KOSPI","서비스업","1101","-3","-0.27","31795347408"
"396690","미래에셋글로벌리츠","KOSPI","서비스업","2800","-10","-0.36","110896632000"
"357250","미래에셋맵스리츠","KOSPI","서비스업","2910","-45","-1.52","72735755550"
"085620","미래에셋생명","KOSPI","보험","5310","50","0.95","939955963590"
"006800","미래에셋증권","KOSPI","증권","8970","200","2.28","5339988179760"
"00680K","미래에셋증권2우B","KOSPI","증권","3990","0","0.00","558600000000"
"006805","미래에셋증권우","KOSPI","증권","4255","5","0.12","59892316250"
"002840","미원상사","KOSPI","화학","201000","-1500","-0.74","954750000000"
"268280","미원에스씨","KOSPI","화학","140100","-700","-0.50","700500000000"
"107590","미원홀딩스","KOSPI","기타금융","80000","300","0.38","185600000000"
"134380","미원화학","KOSPI","화학","80000","400","0.50","175941440000"
"003650","미창석유","KOSPI","화학","94100","-400","-0.42","163703135200"
"377740","바이오노트","KOSPI","의약품","4805","50","1.05","490379310640"
"003610","방림","KOSPI","섬유의복","3225","40","1.26","136462940250"
"001340","백광산업","KOSPI","화학","10530","570","5.72","472990825710"
"035150","백산","KOSPI","화학","13400","230","1.75","288100000000"
"002410","범양건영","KOSPI","건설업","1015","3","0.30","25204461730"
"007210","벽산","KOSPI","비금속광물","2005","21","1.06","135457800000"
"002760","보락","KOSPI","화학","1271","65","5.39","76132900000"
"003850","보령","KOSPI","의약품","10850","200","1.88","745286500000"
"000890","보해양조","KOSPI","음식료품","420","3","0.72","58430454180"
"003000","부광약품","KOSPI","의약품","4940","115","2.38","338166074740"
"001270","부국증권","KOSPI","증권","27750","-300","-1.07","287764336500"
"001275","부국증권우","KOSPI","증권","22200","0","0.00","66600000000"
"026940","부국철강","KOSPI","철강금속","2515","40","1.62","50300000000"
"011390","부산산업","KOSPI","비금속광물","54800","100","0.18","57868800000"
"005030","부산주공","KOSPI","운수장비","486","0","0.00","38288532168"
"002070","비비안","KOSPI","섬유의복","805","4","0.50","23984161950"
"100220","비상교육","KOSPI","서비스업","6810","880","14.84","88507806210"
"090460","비에이치","KOSPI","전기전자","16440","0","0.00","566594390760"
"005180","빙그레","KOSPI","음식료품","64000","300","0.47","630479424000"
"003960","사조대림","KOSPI","음식료품","45350","1650","3.78","415608578450"
"008040","사조동아원","KOSPI","음식료품","1037","11","1.07","146366950200"
"007160","사조산업","KOSPI","농업, 임업 및 어업","66800","-1700","-2.48","334000000000"
"014710","사조씨푸드","KOSPI","음식료품","6770","-130","-1.88","116569536110"
"006090","사조오양","KOSPI","음식료품","8790","60","0.69","82825875810"
"062040","산일전기","KOSPI","전기전자","46700","1800","4.01","1421790840000"
"001470","삼부토건","KOSPI","건설업","509","14","2.83","113818418416"
"028050","삼성E&A","KOSPI","서비스업","18000","200","1.12","3528000000000"
"448730","삼성FN리츠","KOSPI","서비스업","4585","-40","-0.86","417464250000"
"006400","삼성SDI","KOSPI","전기전자","337500","6000","1.81","23208028875000"
"006405","삼성SDI우","KOSPI","전기전자","204500","2500","1.24","330859732000"
"006660","삼성공조","KOSPI","운수장비","10690","590","5.84","86870296660"
"028260","삼성물산","KOSPI","유통업","121300","1900","1.59","21565212179100"
"02826K","삼성물산우B","KOSPI","유통업","94100","1300","1.40","138100219000"
"207940","삼성바이오로직스","KOSPI","의약품","1017000","19000","1.90","72383958000000"
"032830","삼성생명","KOSPI","보험","104000","200","0.19","20800000000000"
"018260","삼성에스디에스","KOSPI","서비스업","141000","-1600","-1.12","10910269800000"
"009150","삼성전기","KOSPI","전기전자","119000","1900","1.62","8888549824000"
"009155","삼성전기우","KOSPI","전기전자","58300","700","1.22","169477167200"
"005930","삼성전자","KOSPI","전기전자","58700","400","0.69","350426235685000"
"005935","삼성전자우","KOSPI","전기전자","48600","600","1.25","39992293620000"
"001360","삼성제약","KOSPI","의약품","1583","16","1.02","149058571057"
"010140","삼성중공업","KOSPI","운수장비","9540","70","0.74","8395200000000"
"016360","삼성증권","KOSPI","증권","45850","-100","-0.22","4094405000000"
"068290","삼성출판사","KOSPI","서비스업","14050","150","1.08","140500000000"
"029780","삼성카드","KOSPI","기타금융","40050","-150","-0.37","4640148584550"
"000810","삼성화재","KOSPI","보험","343500","-500","-0.15","16273256509500"
"000815","삼성화재우","KOSPI","보험","265500","-2500","-0.93","847476000000"
"006110","삼아알미늄","KOSPI","철강금속","50400","1300","2.65","741480566400"
"145990","삼양사","KOSPI","음식료품","51200","700","1.39","528048588800"
"145995","삼양사우","KOSPI","음식료품","31100","200","0.65","11509177000"
"003230","삼양식품","KOSPI","음식료품","589000","69000","13.27","4436945835000"
"002170","삼양통상","KOSPI","기타제조업","49000","1650","3.48","147000000000"
"272550","삼양패키징","KOSPI","화학","16800","430","2.63","265249672800"
"000070","삼양홀딩스","KOSPI","기타금융","70600","-500","-0.70","604637532600"
"000075","삼양홀딩스우","KOSPI","기타금융","56600","600","1.07","17209682800"
"003720","삼영","KOSPI","화학","4235","35","0.83","143990000000"
"002810","삼영무역","KOSPI","유통업","12690","0","0.00","234345570120"
"005680","삼영전자","KOSPI","전기전자","10150","270","2.73","203000000000"
"023000","삼원강재","KOSPI","운수장비","2590","20","0.78","103600000000"
"004380","삼익THK","KOSPI","기계","8980","210","2.39","188580000000"
"002450","삼익악기","KOSPI","기타제조업","1078","13","1.22","97592326370"
"004440","삼일씨엔에스","KOSPI","비금속광물","4165","-135","-3.14","53028559255"
"000520","삼일제약","KOSPI","의약품","16250","930","6.07","351342875000"
"009770","삼정펄프","KOSPI","종이목재","26800","0","0.00","66999222800"
"005500","삼진제약","KOSPI","의약품","18100","-30","-0.17","251590000000"
"004690","삼천리","KOSPI","전기가스업","90000","300","0.33","364952250000"
"010960","삼호개발","KOSPI","건설업","3140","0","0.00","78500000000"
"004450","삼화왕관","KOSPI","기계","30900","50","0.16","66570311100"
"009470","삼화전기","KOSPI","전기전자","37250","2050","5.82","246364795000"
"011230","삼화전자","KOSPI","전기전자","2895","15","0.52","48933316500"
"001820","삼화콘덴서","KOSPI","전기전자","32800","800","2.50","340956000000"
"000390","삼화페인트","KOSPI","화학","7280","70","0.97","198041254320"
"001290","상상인증권","KOSPI","증권","451","4","0.89","48860041120"
"041650","상신브레이크","KOSPI","운수장비","3390","5","0.15","72788215500"
"075180","새론오토모티브","KOSPI","운수장비","3945","55","1.41","75744000000"
"007540","샘표","KOSPI","기타금융","44150","150","0.34","126966570000"
"248170","샘표식품","KOSPI","음식료품","29300","300","1.03","133850779800"
"007860","서연","KOSPI","기타금융","7330","220","3.09","172107256520"
"200880","서연이화","KOSPI","운수장비","13870","310","2.29","374884421190"
"017390","서울가스","KOSPI","전기가스업","52500","0","0.00","262500000000"
"004410","서울식품","KOSPI","음식료품","155","-1","-0.64","58087111645"
"004415","서울식품우","KOSPI","음식료품","1420","96","7.25","3158790000"
"021050","서원","KOSPI","철강금속","1272","27","2.17","60387678480"
"008490","서흥","KOSPI","화학","15860","240","1.54","183486132180"
"007610","선도전기","KOSPI","전기전자","3000","0","0.00","54000000000"
"136490","선진","KOSPI","음식료품","6660","80","1.22","158372162640"
"014910","성문전자","KOSPI","전기전자","1251","10","0.81","28098692235"
"014915","성문전자우","KOSPI","전기전자","4880","-55","-1.11","2928000000"
"003080","성보화학","KOSPI","화학","2615","10","0.38","52352300000"
"004980","성신양회","KOSPI","비금속광물","8010","10","0.13","196373744730"
"004985","성신양회우","KOSPI","비금속광물","11020","20","0.18","8106807900"
"011300","성안머티리얼스","KOSPI","섬유의복","442","-4","-0.90","36280508316"
"000180","성창기업지주","KOSPI","서비스업","1467","68","4.86","102325597200"
"002420","세기상사","KOSPI","유통업","5930","0","0.00","32963968640"
"004360","세방","KOSPI","운수창고업","12130","150","1.25","234214409700"
"004365","세방우","KOSPI","운수창고업","7830","0","0.00","28886827500"
"004490","세방전지","KOSPI","전기전자","74200","4900","7.07","1038800000000"
"001430","세아베스틸지주","KOSPI","철강금속","19260","-200","-1.03","690704411940"
"306200","세아제강","KOSPI","철강금속","114000","-400","-0.35","323338200000"
"003030","세아제강지주","KOSPI","기타금융","178200","5500","3.18","738043277400"
"019440","세아특수강","KOSPI","철강금속","13700","30","0.22","117409000000"
"058650","세아홀딩스","KOSPI","철강금속","100700","-800","-0.79","402800000000"
"013000","세우글로벌","KOSPI","유통업","1212","8","0.66","34790497572"
"091090","세원이앤씨","KOSPI","기계","1270","0","0.00","54838923850"
"021820","세원정공","KOSPI","운수장비","7100","310","4.57","71000000000"
"067830","세이브존I&C","KOSPI","유통업","2115","35","1.68","86801492925"
"075580","세진중공업","KOSPI","운수장비","6810","100","1.49","387144795360"
"068270","셀트리온","KOSPI","의약품","187400","6300","3.48","40669771006000"
"336370","솔루스첨단소재","KOSPI","전기전자","12350","190","1.56","867184198400"
"33637K","솔루스첨단소재1우","KOSPI","전기전자","2820","-10","-0.35","47682720120"
"33637L","솔루스첨단소재2우B","KOSPI","전기전자","6070","-20","-0.33","22934256720"
"248070","솔루엠","KOSPI","전기전자","18280","-180","-0.98","914101472280"
"004430","송원산업","KOSPI","화학","12760","-420","-3.19","306240000000"
"126720","수산인더스트리","KOSPI","건설업","22250","200","0.91","317863500000"
"017550","수산중공업","KOSPI","기계","1727","-1","-0.06","107763297510"
"053210","스카이라이프","KOSPI","서비스업","5030","35","0.70","239040463650"
"204210","스타에스엠리츠","KOSPI","서비스업","2435","15","0.62","19058294525"
"026890","스틱인베스트먼트","KOSPI","기타금융","8090","40","0.50","337176435750"
"134790","시디즈","KOSPI","기타제조업","31000","1300","4.38","62000000000"
"462870","시프트업","KOSPI","서비스업","65700","-900","-1.35","3832591104000"
"016590","신대양제지","KOSPI","종이목재","5900","0","0.00","237757138000"
"029530","신도리코","KOSPI","전기전자","41750","-50","-0.12","420841210750"
"004970","신라교역","KOSPI","농업, 임업 및 어업","9530","0","0.00","152480000000"
"011930","신성이엔지","KOSPI","전기전자","1465","30","2.09","301567541215"
"005390","신성통상","KOSPI","유통업","2185","-15","-0.68","314002832150"
"004170","신세계","KOSPI","유통업","152100","2000","1.33","1497452030100"
"035510","신세계 I&C","KOSPI","서비스업","9890","80","0.82","170108000000"
"034300","신세계건설","KOSPI","건설업","18110","-10","-0.06","140543632940"
"031430","신세계인터내셔날","KOSPI","유통업","13100","-30","-0.23","467670000000"
"031440","신세계푸드","KOSPI","서비스업","34700","50","0.14","134375056000"
"006880","신송홀딩스","KOSPI","유통업","7820","-450","-5.44","92501669560"
"005800","신영와코루","KOSPI","섬유의복","9150","-300","-3.17","82350000000"
"001720","신영증권","KOSPI","증권","80500","-1000","-1.23","1323420000000"
"009270","신원","KOSPI","섬유의복","1228","1","0.08","125976045168"
"002700","신일전자","KOSPI","유통업","1429","12","0.85","101526907509"
"002870","신풍","KOSPI","유통업","923","19","2.10","32266880100"
"019170","신풍제약","KOSPI","의약품","11980","180","1.53","634760180200"
"019175","신풍제약우","KOSPI","의약품","19180","120","0.63","42196000000"
"481850","신한글로벌액티브리츠","KOSPI","기타금융","2160","-30","-1.37","93911754240"
"404990","신한서부티엔디리츠","KOSPI","서비스업","3500","-15","-0.43","195845594000"
"293940","신한알파리츠","KOSPI","서비스업","5810","0","0.00","511861714630"
"055550","신한지주","KOSPI","기타금융","54500","500","0.93","27761930163000"
"004080","신흥","KOSPI","유통업","14290","-10","-0.07","135755000000"
"102280","쌍방울","KOSPI","섬유의복","269","0","0.00","70637282701"
"004770","써니전자","KOSPI","전기전자","1596","6","0.38","58577802864"
"403550","쏘카","KOSPI","서비스업","18250","40","0.22","598871961500"
"004920","씨아이테크","KOSPI","전기전자","1399","-3","-0.21","70042044407"
"112610","씨에스윈드","KOSPI","기계","61800","2800","4.75","2606192705400"
"308170","씨티알모빌리티","KOSPI","운수장비","5170","40","0.78","44513700000"
"008700","아남전자","KOSPI","전기전자","1289","39","3.12","99413892980"
"002790","아모레G","KOSPI","화학","24100","950","4.10","1987242138000"
"00279K","아모레G3우(전환)","KOSPI","화학","18660","460","2.53","132340452000"
"002795","아모레G우","KOSPI","화학","9290","120","1.31","59862623300"
"090430","아모레퍼시픽","KOSPI","화학","125600","5300","4.41","7346690530400"
"090435","아모레퍼시픽우","KOSPI","화학","35700","1350","3.93","376914531000"
"002030","아세아","KOSPI","서비스업","254000","0","0.00","537374592000"
"183190","아세아시멘트","KOSPI","비금속광물","10860","240","2.26","418130481960"
"002310","아세아제지","KOSPI","종이목재","8050","-20","-0.25","344399205500"
"012170","아센디오","KOSPI","서비스업","420","7","1.69","43499184960"
"267850","아시아나IDT","KOSPI","서비스업","18030","220","1.24","200133000000"
"020560","아시아나항공","KOSPI","운수창고업","10000","130","1.32","744117640000"
"122900","아이마켓코리아","KOSPI","유통업","8380","10","0.12","280133679200"
"010780","아이에스동서","KOSPI","비금속광물","19980","-170","-0.84","603135780480"
"139990","아주스틸","KOSPI","철강금속","5040","90","1.82","133649429760"
"009320","아진전자부품","KOSPI","운수장비","1102","3","0.27","54328346540"
"001780","알루코","KOSPI","철강금속","2320","35","1.53","224645906240"
"018250","애경산업","KOSPI","화학","15980","670","4.38","422030761300"
"161000","애경케미칼","KOSPI","화학","10830","280","2.65","526865518470"
"011090","에넥스","KOSPI","기타제조업","532","8","1.53","31915553012"
"137310","에스디바이오센서","KOSPI","의료정밀","9040","170","1.92","1125275271120"
"005850","에스엘","KOSPI","운수장비","32800","600","1.86","1523511456000"
"010580","에스엠벡셀","KOSPI","운수장비","1211","2","0.17","134725881360"
"012750","에스원","KOSPI","서비스업","64700","400","0.62","2458546816600"
"023960","에쓰씨엔지니어링","KOSPI","건설업","1853","33","1.81","62980073451"
"298690","에어부산","KOSPI","운수창고업","2395","65","2.79","279352800000"
"140910","에이리츠","KOSPI","서비스업","3130","0","0.00","13969290160"
"078520","에이블씨엔씨","KOSPI","화학","7370","140","1.94","191724366570"
"015260","에이엔피","KOSPI","전기전자","730","31","4.43","32935332620"
"007460","에이프로젠","KOSPI","기계","1139","59","5.46","326724163752"
"003060","에이프로젠바이오로직스","KOSPI","의약품","839","34","4.22","166464181955"
"244920","에이플러스에셋","KOSPI","기타금융","4645","190","4.26","105012733985"
"278470","에이피알","KOSPI","화학","46650","350","0.76","1777989643500"
"450080","에코프로머티","KOSPI","전기전자","123000","10900","9.72","8495683554000"
"036570","엔씨소프트","KOSPI","서비스업","219500","2500","1.15","4818907829000"
"085310","엔케이","KOSPI","기계","776","13","1.70","62067081152"
"900140","엘브이엠씨홀딩스","KOSPI","유통업","2175","-5","-0.23","373204793925"
"066970","엘앤에프","KOSPI","전기전자","112000","-3900","-3.36","4065189856000"
"097520","엠씨넥스","KOSPI","전기전자","17800","700","4.09","320003629600"
"014440","영보화학","KOSPI","화학","3425","25","0.74","68500000000"
"111770","영원무역","KOSPI","유통업","42150","250","0.60","1867728376200"
"009970","영원무역홀딩스","KOSPI","기타금융","86600","-400","-0.46","1180842267200"
"003520","영진약품","KOSPI","의약품","2365","35","1.50","432541308815"
"000670","영풍","KOSPI","철강금속","407000","12000","3.04","749710280000"
"006740","영풍제지","KOSPI","종이목재","1232","9","0.74","57266006336"
"012280","영화금속","KOSPI","운수장비","790","21","2.73","40814958950"
"012160","영흥","KOSPI","철강금속","461","8","1.77","46704081492"
"015360","예스코홀딩스","KOSPI","서비스업","49850","-650","-1.29","299100000000"
"007310","오뚜기","KOSPI","음식료품","418500","11500","2.83","1677276855000"
"002630","오리엔트바이오","KOSPI","의약품","457","6","1.33","54192433285"
"271560","오리온","KOSPI","음식료품","100400","1600","1.62","3969427652800"
"001800","오리온홀딩스","KOSPI","기타금융","16510","-350","-2.08","1034275917220"
"011690","와이투솔루션","KOSPI","전기전자","2600","30","1.17","95093424400"
"316140","우리금융지주","KOSPI","기타금융","15810","60","0.38","11740371630810"
"006980","우성","KOSPI","음식료품","16720","50","0.30","51664800000"
"017370","우신시스템","KOSPI","기계","7820","-70","-0.89","143215902280"
"105840","우진","KOSPI","의료정밀","7820","60","0.77","158930661480"
"010400","우진아이엔에스","KOSPI","건설업","3415","145","4.43","26029130000"
"049800","우진플라임","KOSPI","기계","2210","0","0.00","44200000000"
"016880","웅진","KOSPI","서비스업","922","20","2.22","73692767760"
"095720","웅진씽크빅","KOSPI","서비스업","1782","4","0.22","205831665270"
"005820","원림","KOSPI","섬유의복","15470","70","0.45","35549595900"
"010600","웰바이오텍","KOSPI","유통업","545","0","0.00","49553256815"
"008600","윌비스","KOSPI","유통업","439","2","0.46","29516621121"
"033270","유나이티드제약","KOSPI","의약품","20800","200","0.97","339743497600"
"014830","유니드","KOSPI","화학","68800","-1000","-1.43","465610880000"
"446070","유니드비티플러스","KOSPI","종이목재","4520","20","0.44","47962691800"
"000910","유니온","KOSPI","비금속광물","4375","-255","-5.51","68300833125"
"047400","유니온머티리얼","KOSPI","비금속광물","2320","-90","-3.73","97440000000"
"011330","유니켐","KOSPI","기타제조업","1505","-18","-1.18","145980736335"
"077500","유니퀘스트","KOSPI","유통업","4975","75","1.53","108425224625"
"002920","유성기업","KOSPI","운수장비","1989","-7","-0.35","51609577500"
"000700","유수홀딩스","KOSPI","서비스업","5130","0","0.00","133594495560"
"003470","유안타증권","KOSPI","증권","2905","35","1.22","579828053280"
"003475","유안타증권우","KOSPI","증권","2930","10","0.34","37832781160"
"072130","유엔젤","KOSPI","서비스업","5050","195","4.02","66637042700"
"000220","유유제약","KOSPI","의약품","4430","45","1.03","75453314930"
"000225","유유제약1우","KOSPI","의약품","5090","40","0.79","11538673700"
"000227","유유제약2우B","KOSPI","의약품","10260","120","1.18","3340245600"
"001200","유진투자증권","KOSPI","증권","3845","60","1.59","372451377210"
"000100","유한양행","KOSPI","의약품","140800","6000","4.45","11293436211200"
"000105","유한양행우","KOSPI","의약품","128200","6200","5.08","151396508000"
"003460","유화증권","KOSPI","증권","2245","0","0.00","127296921675"
"003465","유화증권우","KOSPI","증권","2230","0","0.00","38972427750"
"008730","율촌화학","KOSPI","화학","29950","450","1.53","742760000000"
"008250","이건산업","KOSPI","종이목재","5020","95","1.93","54982227700"
"025820","이구산업","KOSPI","철강금속","4435","115","2.66","148315270000"
"214320","이노션","KOSPI","서비스업","20450","250","1.24","818000000000"
"088260","이리츠코크렙","KOSPI","서비스업","4370","-50","-1.13","276802748300"
"139480","이마트","KOSPI","유통업","64300","400","0.63","1792415161700"
"457190","이수스페셜티케미컬","KOSPI","화학","41850","2150","5.42","1264216518000"
"007660","이수페타시스","KOSPI","전기전자","34500","-500","-1.43","2182001455500"
"005950","이수화학","KOSPI","화학","7800","110","1.43","177237364200"
"015020","이스타코","KOSPI","서비스업","723","-23","-3.08","30981706800"
"093230","이아이디","KOSPI","유통업","1392","0","0.00","354103029120"
"074610","이엔플러스","KOSPI","기계","1370","53","4.02","100523378730"
"102460","이연제약","KOSPI","의약품","16560","930","5.95","307797590160"
"084680","이월드","KOSPI","기타제조업","1717","12","0.70","243481233381"
"350520","이지스레지던스리츠","KOSPI","서비스업","3935","5","0.13","145068504870"
"334890","이지스밸류리츠","KOSPI","서비스업","5070","-10","-0.20","260818387830"
"000760","이화산업","KOSPI","유통업","11690","200","1.74","32732000000"
"014990","인디에프","KOSPI","섬유의복","670","-16","-2.33","50325706650"
"101140","인바이오젠","KOSPI","유통업","9340","0","0.00","93812977440"
"006490","인스코비","KOSPI","통신업","1498","-25","-1.64","178814759004"
"023800","인지컨트롤스","KOSPI","운수장비","6430","50","0.78","101653136710"
"034590","인천도시가스","KOSPI","전기가스업","25500","50","0.20","111556227000"
"129260","인터지스","KOSPI","운수창고업","2200","-10","-0.45","65445322800"
"023810","인팩","KOSPI","운수장비","7020","50","0.72","70200000000"
"249420","일동제약","KOSPI","의약품","13520","80","0.60","379405013520"
"000230","일동홀딩스","KOSPI","의약품","7830","70","0.90","90361332000"
"013360","일성건설","KOSPI","건설업","1276","2","0.16","68935746880"
"003120","일성아이에스","KOSPI","의약품","15850","220","1.41","210805000000"
"003200","일신방직","KOSPI","섬유의복","7990","30","0.38","186007200000"
"007110","일신석재","KOSPI","유통업","1360","-49","-3.48","105340989600"
"007570","일양약품","KOSPI","의약품","12700","180","1.44","242387932800"
"007575","일양약품우","KOSPI","의약품","11860","110","0.94","5278648800"
"008500","일정실업","KOSPI","섬유의복","15050","100","0.67","18060000000"
"081000","일진다이아","KOSPI","화학","12970","470","3.76","184212585750"
"020760","일진디스플","KOSPI","전기전자","900","-6","-0.66","46362366900"
"103590","일진전기","KOSPI","전기전자","26950","1800","7.16","1285121260500"
"271940","일진하이솔루스","KOSPI","운수장비","21300","100","0.47","773470947000"
"015860","일진홀딩스","KOSPI","기타금융","4035","45","1.13","199117093905"
"226320","잇츠한불","KOSPI","화학","11930","150","1.27","261616727950"
"317400","자이에스앤디","KOSPI","서비스업","3750","-140","-3.60","145434450000"
"033240","자화전자","KOSPI","전기전자","15910","120","0.76","352499891700"
"000950","전방","KOSPI","섬유의복","19110","-90","-0.47","32104800000"
"079900","전진건설로봇","KOSPI","기계","21050","-1550","-6.86","323340082700"
"348950","제이알글로벌리츠","KOSPI","서비스업","3025","-45","-1.47","597062400000"
"194370","제이에스코퍼레이션","KOSPI","기타제조업","17540","440","2.57","233906441540"
"025620","제이준코스메틱","KOSPI","화학","5020","25","0.50","22513926920"
"030000","제일기획","KOSPI","서비스업","18390","-90","-0.49","2115608127750"
"271980","제일약품","KOSPI","의약품","14000","-40","-0.28","205868208000"
"001560","제일연마","KOSPI","비금속광물","8850","240","2.79","87615000000"
"002620","제일파마홀딩스","KOSPI","서비스업","8830","160","1.85","141044724650"
"006220","제주은행","KOSPI","은행","8450","110","1.32","271488140300"
"089590","제주항공","KOSPI","운수창고업","9630","470","5.13","776572685550"
"004910","조광페인트","KOSPI","화학","6140","-50","-0.81","78592000000"
"004700","조광피혁","KOSPI","기타제조업","54000","200","0.37","359053452000"
"001550","조비","KOSPI","화학","10150","0","0.00","52701225850"
"462520","조선내화","KOSPI","비금속광물","16940","150","0.89","200826545920"
"120030","조선선재","KOSPI","기계","95400","700","0.74","119979905400"
"018470","조일알미늄","KOSPI","철강금속","1648","20","1.23","208689076208"
"002600","조흥","KOSPI","음식료품","173900","900","0.52","104340000000"
"185750","종근당","KOSPI","의약품","103400","3000","2.99","1362235028000"
"063160","종근당바이오","KOSPI","의약품","24750","550","2.27","135777559500"
"001630","종근당홀딩스","KOSPI","의약품","55500","500","0.91","278047285500"
"109070","주성코퍼레이션","KOSPI","전기전자","4100","0","0.00","216521943000"
"044380","주연테크","KOSPI","전기전자","343","1","0.29","22776521236"
"013890","지누스","KOSPI","기타제조업","26000","1000","4.00","526781632000"
"013870","지엠비코리아","KOSPI","운수장비","3900","30","0.78","74381892000"
"071320","지역난방공사","KOSPI","전기가스업","45650","-350","-0.76","528569663600"
"088790","진도","KOSPI","유통업","1800","35","1.98","22405939200"
"003780","진양산업","KOSPI","화학","6750","-20","-0.30","87750000000"
"010640","진양폴리","KOSPI","화학","6970","-150","-2.11","69700000000"
"100250","진양홀딩스","KOSPI","화학","3190","5","0.16","178305981480"
"051630","진양화학","KOSPI","화학","2690","0","0.00","42502000000"
"272450","진에어","KOSPI","운수창고업","11620","600","5.44","606564000000"
"011000","진원생명과학","KOSPI","의약품","2425","25","1.04","194094659875"
"002780","진흥기업","KOSPI","건설업","738","1","0.14","107358147810"
"002787","진흥기업2우B","KOSPI","건설업","11770","260","2.26","3469890160"
"002785","진흥기업우B","KOSPI","건설업","3795","-20","-0.52","3253142310"
"009310","참엔지니어링","KOSPI","기계","392","10","2.62","33268028248"
"000650","천일고속","KOSPI","운수창고업","39900","100","0.25","57025878000"
"012600","청호ICT","KOSPI","기계","2490","0","0.00","116119947330"
"033250","체시스","KOSPI","운수장비","1434","22","1.56","45888000000"
"035720","카카오","KOSPI","서비스업","37350","1200","3.32","16565879413800"
"323410","카카오뱅크","KOSPI","은행","22550","800","3.68","10755530014350"
"377300","카카오페이","KOSPI","기타금융","24250","450","1.89","3264437660500"
"006380","카프로","KOSPI","화학","3660","0","0.00","618539985360"
"001620","케이비아이동국실업","KOSPI","운수장비","573","0","0.00","63770906763"
"029460","케이씨","KOSPI","의료정밀","18980","150","0.80","257255755120"
"281820","케이씨텍","KOSPI","의료정밀","36300","-100","-0.27","757274482800"
"381970","케이카","KOSPI","유통업","12680","-320","-2.46","610948685640"
"145270","케이탑리츠","KOSPI","서비스업","1005","3","0.30","48301077870"
"417310","코람코더원리츠","KOSPI","서비스업","4780","-55","-1.14","193112000000"
"357120","코람코라이프인프라리츠","KOSPI","서비스업","4530","-45","-0.98","440929153620"
"007815","코리아써우","KOSPI","전기전자","5810","160","2.83","17224848900"
"007810","코리아써키트","KOSPI","전기전자","9970","160","1.63","235498887470"
"00781K","코리아써키트2우B","KOSPI","전기전자","5740","90","1.59","4498432260"
"003690","코리안리","KOSPI","보험","9390","-30","-0.32","1552801069140"
"192820","코스맥스","KOSPI","화학","155300","2100","1.37","1762578747700"
"044820","코스맥스비티아이","KOSPI","기타금융","8840","80","0.91","84898661640"
"005070","코스모신소재","KOSPI","화학","104900","5500","5.53","3410378304400"
"005420","코스모화학","KOSPI","화학","21750","850","4.07","835378959000"
"071950","코아스","KOSPI","기타제조업","9800","-60","-0.61","32249056000"
"002020","코오롱","KOSPI","기타금융","14310","0","0.00","180684156060"
"138490","코오롱ENP","KOSPI","화학","6130","420","7.36","232940000000"
"003070","코오롱글로벌","KOSPI","건설업","9160","280","3.15","173423651080"
"003075","코오롱글로벌우","KOSPI","건설업","17180","410","2.44","12725861660"
"450140","코오롱모빌리티그룹","KOSPI","유통업","2230","10","0.45","139993267500"
"45014K","코오롱모빌리티그룹우","KOSPI","유통업","3780","-10","-0.26","9284133600"
"002025","코오롱우","KOSPI","기타금융","12920","240","1.89","13906958800"
"120110","코오롱인더","KOSPI","화학","31400","150","0.48","864099457400"
"120115","코오롱인더우","KOSPI","화학","20850","150","0.72","57709881000"
"021240","코웨이","KOSPI","서비스업","64400","1700","2.71","4752695463600"
"036420","콘텐트리중앙","KOSPI","서비스업","9210","110","1.21","177405856680"
"024720","콜마홀딩스","KOSPI","기타금융","7190","160","2.28","246590102210"
"031820","콤텍시스템","KOSPI","서비스업","564","-6","-1.05","68273026824"
"192400","쿠쿠홀딩스","KOSPI","기타금융","23250","-750","-3.13","826820801250"
"284740","쿠쿠홈시스","KOSPI","서비스업","22600","450","2.03","507083658000"
"264900","크라운제과","KOSPI","음식료품","8550","-20","-0.23","107078917500"
"26490K","크라운제과우","KOSPI","음식료품","10070","0","0.00","7789749200"
"005740","크라운해태홀딩스","KOSPI","기타금융","6020","110","1.86","89381028940"
"005745","크라운해태홀딩스우","KOSPI","기타금융","8800","120","1.38","5286388800"
"259960","크래프톤","KOSPI","서비스업","337500","4000","1.20","16166288812500"
"020120","키다리스튜디오","KOSPI","서비스업","4115","5","0.12","152517397090"
"039490","키움증권","KOSPI","증권","135300","2500","1.88","3453763321800"
"014580","태경비케이","KOSPI","비금속광물","4535","40","0.89","125089358500"
"015890","태경산업","KOSPI","화학","5210","30","0.58","152281787500"
"006890","태경케미컬","KOSPI","화학","10790","100","0.94","125164000000"
"003240","태광산업","KOSPI","화학","653000","1000","0.15","727050200000"
"011280","태림포장","KOSPI","종이목재","2100","60","2.94","148692474000"
"004100","태양금속","KOSPI","운수장비","3360","-30","-0.88","123312000000"
"004105","태양금속우","KOSPI","운수장비","5250","-40","-0.76","17325000000"
"009410","태영건설","KOSPI","건설업","3655","-45","-1.22","1052294006735"
"009415","태영건설우","KOSPI","건설업","7200","-140","-1.91","4679812800"
"001420","태원물산","KOSPI","운수장비","3640","-85","-2.28","27664000000"
"055490","테이팩스","KOSPI","화학","16950","310","1.86","80845567500"
"078000","텔코웨어","KOSPI","서비스업","9980","30","0.30","92215968460"
"214420","토니모리","KOSPI","화학","7470","360","5.06","179689348530"
"019180","티에이치엔","KOSPI","전기전자","3210","25","0.78","57780000000"
"363280","티와이홀딩스","KOSPI","기타금융","3390","-35","-1.02","170955218520"
"36328K","티와이홀딩스우","KOSPI","기타금융","4720","-5","-0.11","5867026080"
"091810","티웨이항공","KOSPI","운수창고업","3305","130","4.09","711827515680"
"004870","티웨이홀딩스","KOSPI","비금속광물","839","14","1.70","94319916033"
"034230","파라다이스","KOSPI","서비스업","10570","100","0.96","970026055110"
"005690","파미셀","KOSPI","의약품","5250","270","5.42","315089061000"
"036580","팜스코","KOSPI","음식료품","2160","50","2.37","79332356880"
"004720","팜젠사이언스","KOSPI","의약품","4785","80","1.70","86984242125"
"028670","팬오션","KOSPI","운수창고업","3630","70","1.97","1940487328560"
"010820","퍼스텍","KOSPI","기계","3125","-50","-1.57","152412306250"
"016800","퍼시스","KOSPI","기타제조업","42300","50","0.12","486450000000"
"001020","페이퍼코리아","KOSPI","종이목재","797","-7","-0.87","141852700461"
"090080","평화산업","KOSPI","운수장비","1032","8","0.78","56659131288"
"010770","평화홀딩스","KOSPI","운수장비","2795","-15","-0.53","40878177470"
"022100","포스코DX","KOSPI","서비스업","29400","1850","6.72","4469821032600"
"058430","포스코스틸리온","KOSPI","철강금속","37400","900","2.47","224400000000"
"047050","포스코인터내셔널","KOSPI","유통업","53900","3500","6.94","9482238273200"
"003670","포스코퓨처엠","KOSPI","전기전자","241000","13000","5.70","18668636020000"
"017810","풀무원","KOSPI","음식료품","10390","160","1.56","396072431380"
"103140","풍산","KOSPI","철강금속","66000","0","0.00","1849602348000"
"005810","풍산홀딩스","KOSPI","기타금융","27850","550","2.01","401521582200"
"950210","프레스티지바이오파마","KOSPI","서비스업","17940","740","4.30","1078125020700"
"009810","플레이그램","KOSPI","유통업","365","-12","-3.18","55438937500"
"086790","하나금융지주","KOSPI","기타금융","60300","-800","-1.31","17320625064000"
"293480","하나제약","KOSPI","의약품","11350","40","0.35","201722937100"
"039130","하나투어","KOSPI","서비스업","50900","2900","6.04","816394516500"
"352820","하이브","KOSPI","서비스업","197300","10600","5.68","8217958738100"
"071090","하이스틸","KOSPI","철강금속","3170","80","2.59","64006963070"
"019490","하이트론","KOSPI","전기전자","3395","-235","-6.47","102000293255"
"000080","하이트진로","KOSPI","음식료품","20500","-350","-1.68","1437739025500"
"000087","하이트진로2우B","KOSPI","음식료품","16350","70","0.43","18477756300"
"000140","하이트진로홀딩스","KOSPI","기타금융","9700","-50","-0.51","225105620500"
"000145","하이트진로홀딩스우","KOSPI","기타금융","11290","-30","-0.27","5315444900"
"152550","한국ANKOR유전","KOSPI","기타금융","374","6","1.63","26187480000"
"036460","한국가스공사","KOSPI","전기가스업","40500","2750","7.28","3738676500000"
"005430","한국공항","KOSPI","운수창고업","56700","1500","2.72","179532328500"
"071050","한국금융지주","KOSPI","기타금융","77700","-200","-0.26","4329909578400"
"071055","한국금융지주우","KOSPI","기타금융","52800","0","0.00","309315652800"
"010040","한국내화","KOSPI","비금속광물","2290","50","2.23","94043571980"
"025540","한국단자","KOSPI","전기전자","77000","-900","-1.16","801955000000"
"010100","한국무브넥스","KOSPI","운수장비","3615","40","1.12","110078268300"
"004090","한국석유","KOSPI","비금속광물","16300","250","1.56","206914156000"
"002200","한국수출포장","KOSPI","종이목재","2675","40","1.52","107000000000"
"002960","한국쉘석유","KOSPI","화학","333000","0","0.00","432900000000"
"000240","한국앤컴퍼니","KOSPI","기타금융","17030","0","0.00","1616747137200"
"123890","한국자산신탁","KOSPI","기타금융","2905","0","0.00","360155369560"
"015760","한국전력","KOSPI","전기가스업","23100","50","0.22","14829370178700"
"006200","한국전자홀딩스","KOSPI","기타금융","733","3","0.41","34306698688"
"027970","한국제지","KOSPI","종이목재","942","-3","-0.32","179147899254"
"023350","한국종합기술","KOSPI","서비스업","4450","5","0.11","48727500000"
"025890","한국주강","KOSPI","기계","1985","2","0.10","22448879115"
"000970","한국주철관","KOSPI","철강금속","6390","-10","-0.16","145695195000"
"104700","한국철강","KOSPI","철강금속","9230","10","0.11","391813500000"
"017960","한국카본","KOSPI","기계","10610","20","0.19","550748675720"
"161890","한국콜마","KOSPI","화학","69900","2100","3.10","1649994882300"
"161390","한국타이어앤테크놀로지","KOSPI","화학","36650","1450","4.12","4540021278850"
"034830","한국토지신탁","KOSPI","기타금융","1039","0","0.00","262336309970"
"007280","한국특강","KOSPI","철강금속","1546","-26","-1.65","94017378806"
"168490","한국패러랠","KOSPI","기타금융","184","27","17.20","14723680000"
"047810","한국항공우주","KOSPI","운수장비","57400","-200","-0.35","5595071141800"
"123690","한국화장품","KOSPI","유통업","6840","250","3.79","109905120000"
"003350","한국화장품제조","KOSPI","화학","84000","8100","10.67","380688000000"
"011500","한농화성","KOSPI","화학","17790","430","2.48","278182977180"
"002390","한독","KOSPI","의약품","13720","70","0.51","188835672760"
"053690","한미글로벌","KOSPI","서비스업","14480","230","1.61","158665324000"
"042700","한미반도체","KOSPI","기계","95600","2800","3.02","9272591410400"
"008930","한미사이언스","KOSPI","기타금융","38700","2450","6.76","2646752985000"
"128940","한미약품","KOSPI","의약품","335000","28500","9.30","4291681985000"
"009240","한샘","KOSPI","유통업","52400","500","0.96","1233177827200"
"020000","한섬","KOSPI","섬유의복","15580","20","0.13","364548630000"
"003680","한성기업","KOSPI","음식료품","5140","80","1.58","31916907100"
"105630","한세실업","KOSPI","섬유의복","15390","150","0.98","615600000000"
"069640","한세엠케이","KOSPI","유통업","1576","40","2.60","47447847152"
"016450","한세예스24홀딩스","KOSPI","섬유의복","4870","40","0.83","194800000000"
"010420","한솔PNS","KOSPI","유통업","1048","15","1.45","21476676576"
"009180","한솔로지스틱스","KOSPI","운수창고업","2285","-20","-0.87","64336060125"
"213500","한솔제지","KOSPI","종이목재","9240","70","0.76","219917322240"
"014680","한솔케미칼","KOSPI","화학","125700","3300","2.70","1424834011500"
"004710","한솔테크닉스","KOSPI","전기전자","4360","50","1.16","139999068080"
"004150","한솔홀딩스","KOSPI","기타금융","2290","5","0.22","96199641330"
"025750","한솔홈데코","KOSPI","종이목재","695","10","1.46","55992778555"
"004960","한신공영","KOSPI","건설업","6730","0","0.00","77870824460"
"011700","한신기계","KOSPI","기계","3590","210","6.21","116481682090"
"001750","한양증권","KOSPI","증권","12310","-10","-0.08","156688253540"
"001755","한양증권우","KOSPI","증권","13380","20","0.15","7024500000"
"018880","한온시스템","KOSPI","기계","3985","-20","-0.50","2127193000000"
"009420","한올바이오파마","KOSPI","의약품","44200","2200","5.24","2309036199600"
"014130","한익스프레스","KOSPI","운수창고업","3505","45","1.30","42060000000"
"300720","한일시멘트","KOSPI","비금속광물","14030","60","0.43","971739406200"
"002220","한일철강","KOSPI","철강금속","2030","35","1.75","54195843800"
"006390","한일현대시멘트","KOSPI","비금속광물","13730","100","0.73","265368936560"
"003300","한일홀딩스","KOSPI","비금속광물","14010","20","0.14","431968704840"
"051600","한전KPS","KOSPI","건설업","44500","1050","2.42","2002500000000"
"052690","한전기술","KOSPI","서비스업","67500","100","0.15","2579850000000"
"130660","한전산업","KOSPI","서비스업","12790","90","0.71","416954000000"
"002320","한진","KOSPI","운수창고업","19110","-40","-0.21","285649171080"
"003480","한진중공업홀딩스","KOSPI","전기가스업","3465","40","1.17","102320798580"
"180640","한진칼","KOSPI","기타금융","83600","0","0.00","5581326524400"
"18064K","한진칼우","KOSPI","기타금융","24750","-150","-0.60","13284958500"
"005110","한창","KOSPI","유통업","1254","0","0.00","23332434378"
"009460","한창제지","KOSPI","종이목재","718","-4","-0.55","42841254948"
"372910","한컴라이프케어","KOSPI","의료정밀","4070","-20","-0.49","112634832420"
"000880","한화","KOSPI","화학","27200","-150","-0.55","2038877592000"
"00088K","한화3우B","KOSPI","화학","15000","-10","-0.07","337080000000"
"452260","한화갤러리아","KOSPI","유통업","1268","17","1.36","245813985480"
"45226K","한화갤러리아우","KOSPI","유통업","2635","70","2.73","7653278450"
"451800","한화리츠","KOSPI","서비스업","3775","10","0.27","266515000000"
"088350","한화생명","KOSPI","보험","2920","-5","-0.17","2536107600000"
"000370","한화손해보험","KOSPI","보험","4755","-5","-0.11","555093540825"
"009830","한화솔루션","KOSPI","화학","22150","650","3.02","3807419672400"
"009835","한화솔루션우","KOSPI","화학","19670","530","2.77","50657114830"
"272210","한화시스템","KOSPI","전기전자","17890","420","2.40","3379767869210"
"012450","한화에어로스페이스","KOSPI","운수장비","367000","-11500","-3.04","16728286087000"
"082740","한화엔진","KOSPI","기계","13700","-110","-0.80","1143225845400"
"042660","한화오션","KOSPI","운수장비","27050","250","0.93","8288482307700"
"000885","한화우","KOSPI","화학","40450","-350","-0.86","19387442300"
"489790","한화인더스트리얼솔루션즈","KOSPI","기타금융","43100","50","0.12","2176049609000"
"003530","한화투자증권","KOSPI","증권","3360","-10","-0.30","720880524000"
"003535","한화투자증권우","KOSPI","증권","6750","-50","-0.74","32400000000"
"195870","해성디에스","KOSPI","전기전자","26800","150","0.56","455600000000"
"101530","해태제과식품","KOSPI","음식료품","6300","140","2.27","183435978600"
"143210","핸즈코퍼레이션","KOSPI","운수장비","1914","5","0.26","41870179758"
"000720","현대건설","KOSPI","건설업","28100","0","0.00","3129096996500"
"000725","현대건설우","KOSPI","건설업","49700","100","0.20","52418242100"
"453340","현대그린푸드","KOSPI","유통업","12070","210","1.77","408942631980"
"086280","현대글로비스","KOSPI","운수창고업","121400","-500","-0.41","9105000000000"
"064350","현대로템","KOSPI","운수장비","61500","0","0.00","6712251019500"
"079430","현대리바트","KOSPI","기타제조업","7920","-70","-0.88","162639433440"
"012330","현대모비스","KOSPI","운수장비","248500","0","0.00","23109280859000"
"069960","현대백화점","KOSPI","유통업","46700","350","0.76","1092893994700"
"004560","현대비앤지스틸","KOSPI","철강금속","13170","180","1.39","198587940870"
"004310","현대약품","KOSPI","의약품","4180","155","3.85","133760000000"
"017800","현대엘리베이","KOSPI","기계","45500","-400","-0.87","1778703517500"
"307950","현대오토에버","KOSPI","서비스업","132500","1400","1.07","3633677615000"
"011210","현대위아","KOSPI","운수장비","42300","500","1.20","1150352010900"
"004020","현대제철","KOSPI","철강금속","25350","300","1.20","3382850649750"
"005440","현대지에프홀딩스","KOSPI","기타금융","4530","110","2.49","706246483530"
"005380","현대차","KOSPI","운수장비","216500","3000","1.41","45338605351500"
"005387","현대차2우B","KOSPI","운수장비","164700","1100","0.67","5889571697700"
"005389","현대차3우B","KOSPI","운수장비","157700","-300","-0.19","375389710800"
"005385","현대차우","KOSPI","운수장비","157700","-1200","-0.76","3764612507600"
"001500","현대차증권","KOSPI","증권","8800","-20","-0.23","279070545600"
"011760","현대코퍼레이션","KOSPI","유통업","19620","-480","-2.39","259552312920"
"227840","현대코퍼레이션홀딩스","KOSPI","유통업","10600","20","0.19","96468861600"
"126560","현대퓨처넷","KOSPI","통신업","3895","-15","-0.38","429240470775"
"001450","현대해상","KOSPI","보험","30750","650","2.16","2749050000000"
"057050","현대홈쇼핑","KOSPI","유통업","47350","-50","-0.11","568200000000"
"093240","형지엘리트","KOSPI","섬유의복","1369","25","1.86","46770865095"
"003010","혜인","KOSPI","유통업","4910","0","0.00","62419587770"
"111110","호전실업","KOSPI","섬유의복","8370","-130","-1.53","81607366080"
"008770","호텔신라","KOSPI","유통업","41050","-2550","-5.85","1611135367050"
"008775","호텔신라우","KOSPI","유통업","36000","-850","-2.31","27067644000"
"378850","화승알앤에이","KOSPI","운수장비","3800","60","1.60","72175767400"
"241590","화승엔터프라이즈","KOSPI","기타제조업","8860","-190","-2.10","536820985360"
"006060","화승인더","KOSPI","화학","4190","-60","-1.41","231790800000"
"013520","화승코퍼레이션","KOSPI","운수장비","1894","20","1.07","94797071288"
"010690","화신","KOSPI","운수장비","8850","100","1.14","309045628500"
"133820","화인베스틸","KOSPI","철강금속","863","25","2.98","26602939834"
"010660","화천기계","KOSPI","기계","2955","80","2.78","65010000000"
"000850","화천기공","KOSPI","기계","27250","50","0.18","59950000000"
"016580","환인제약","KOSPI","의약품","13360","170","1.29","248496935200"
"032560","황금에스티","KOSPI","철강금속","5270","0","0.00","89590000000"
"004800","효성","KOSPI","기타금융","50400","0","0.00","843716512800"
"094280","효성ITX","KOSPI","서비스업","12550","10","0.08","145055410000"
"298040","효성중공업","KOSPI","전기전자","443500","26000","6.23","4135437038000"
"298020","효성티앤씨","KOSPI","화학","303000","0","0.00","1311287646000"
"298000","효성화학","KOSPI","화학","39650","150","0.38","150345306150"
"093370","후성","KOSPI","화학","6180","0","0.00","662837939400"
"081660","휠라홀딩스","KOSPI","유통업","38600","-250","-0.64","2319699385400"
"005870","휴니드","KOSPI","전기전자","7900","-80","-1.00","111516518500"
"079980","휴비스","KOSPI","화학","2700","5","0.19","93150000000"
"005010","휴스틸","KOSPI","철강금속","4085","65","1.62","229528286375"
"000540","흥국화재","KOSPI","보험","3455","0","0.00","221958338475"
"000545","흥국화재우","KOSPI","보험","5010","10","0.20","3847680000"
"003280","흥아해운","KOSPI","운수창고업","1908","30","1.60","458730707292"